Time,X,Y,Z
0,-6.99308,-1.56631,9.62515
10,-6.99308,-1.56631,9.62515
20,-6.99308,-1.56631,9.62515
30,-6.99308,-1.56632,9.62515
40,-6.99308,-1.56631,9.62515
50,-6.99308,-1.56631,9.62515
60,-6.99308,-1.56632,9.62515
70,-6.99308,-1.56631,9.62515
80,-6.99308,-1.56632,9.62515
90,-6.99308,-1.56631,9.62515
100,-6.99308,-1.56632,9.62515
110,-6.99308,-1.56631,9.62515
120,-6.99308,-1.56631,9.62515
130,-6.99308,-1.56631,9.62515
140,-6.99308,-1.56631,9.62515
150,-6.99308,-1.56631,9.62515
160,-6.99308,-1.56631,9.62515
170,-6.99308,-1.56631,9.62515
180,-6.99308,-1.56631,9.62515
190,-6.99308,-1.56631,9.62515
200,-6.99308,-1.56631,9.62515
210,-6.99308,-1.56631,9.62515
220,-6.99308,-1.56631,9.62515
230,-6.99308,-1.56631,9.62515
240,-6.99308,-1.56631,9.62515
250,-6.99308,-1.56631,9.62515
260,-6.99308,-1.56631,9.62515
270,-6.99308,-1.56631,9.62515
280,-6.99308,-1.56631,9.62515
290,-6.99308,-1.56631,9.62515
300,-6.99308,-1.56631,9.62515
310,-6.90899,-1.61796,9.6772
320,-6.82435,-1.66963,9.72834
330,-6.73919,-1.72132,9.77857
340,-6.65349,-1.77301,9.82789
350,-6.56728,-1.82472,9.8763
360,-6.48056,-1.87642,9.92378
370,-6.39334,-1.92812,9.97034
380,-6.30562,-1.97981,10.016
390,-6.21742,-2.0315,10.0607
400,-6.12873,-2.08316,10.1044
410,-6.03958,-2.1348,10.1472
420,-5.94996,-2.18642,10.1891
430,-5.85989,-2.238,10.23
440,-5.76937,-2.28955,10.27
450,-5.67841,-2.34106,10.309
460,-5.58702,-2.39253,10.347
470,-5.49521,-2.44395,10.3841
480,-5.40299,-2.49531,10.4202
490,-5.31035,-2.54661,10.4554
500,-5.21733,-2.59786,10.4895
510,-5.12391,-2.64903,10.5227
520,-5.0301,-2.70014,10.555
530,-4.93593,-2.75116,10.5862
540,-4.84139,-2.80211,10.6165
550,-4.7465,-2.85297,10.6457
560,-4.65125,-2.90374,10.674
570,-4.55567,-2.95441,10.7013
580,-4.45976,-3.00499,10.7276
590,-4.36352,-3.05546,10.7529
600,-4.26697,-3.10583,10.7771
610,-4.93526,-3.10583,10.488
620,-5.58406,-3.10583,10.1574
630,-6.21083,-3.10583,9.7867
640,-6.81308,-3.10583,9.37741
650,-7.38845,-3.10583,8.9311
660,-7.93466,-3.10583,8.44955
670,-8.44956,-3.10583,7.93466
680,-8.9311,-3.10583,7.38845
690,-9.37741,-3.10583,6.81308
700,-9.7867,-3.10583,6.21083
710,-10.1574,-3.10583,5.58406
720,-10.4879,-3.10583,4.93525
730,-10.7771,-3.10583,4.26697
740,-11.0238,-3.10583,3.58185
750,-11.227,-3.10583,2.88259
760,-11.3858,-3.10583,2.17196
770,-11.4997,-3.10583,1.45275
780,-11.5682,-3.10583,0.727809
790,-11.5911,-3.10583,-1.66893e-06
800,-11.5682,-3.10583,-0.727813
810,-11.4997,-3.10583,-1.45275
820,-11.3858,-3.10583,-2.17196
830,-11.227,-3.10583,-2.88259
840,-11.0238,-3.10583,-3.58185
850,-10.7771,-3.10583,-4.26697
860,-10.4879,-3.10583,-4.93526
870,-10.1574,-3.10583,-5.58406
880,-9.7867,-3.10583,-6.21083
890,-9.37741,-3.10583,-6.81309
900,-8.9311,-3.10583,-7.38845
910,-8.48804,-2.99145,-7.93753
920,-8.01405,-2.86909,-8.45833
930,-7.51083,-2.73918,-8.94899
940,-6.98015,-2.60218,-9.40777
950,-6.42391,-2.45858,-9.83304
960,-5.8441,-2.3089,-10.2233
970,-5.24279,-2.15367,-10.5771
980,-4.6221,-1.99344,-10.8932
990,-3.98425,-1.82877,-11.1706
1000,-3.33153,-1.66027,-11.4081
1010,-2.66624,-1.48852,-11.605
1020,-1.99077,-1.31414,-11.7605
1030,-1.30751,-1.13775,-11.8742
1040,-0.618905,-0.959988,-11.9455
1050,0.072594,-0.781474,-11.9743
1060,0.764526,-0.602848,-11.9604
1070,1.45442,-0.424747,-11.904
1080,2.13983,-0.247806,-11.8051
1090,2.8183,-0.0726555,-11.6641
1100,3.48742,0.100083,-11.4816
1110,4.14481,0.269792,-11.2582
1120,4.78812,0.435868,-10.9947
1130,5.41507,0.597717,-10.692
1140,6.02341,0.754761,-10.3513
1150,6.61098,0.906448,-9.97363
1160,7.1757,1.05223,-9.56045
1170,7.71553,1.19159,-9.11321
1180,8.22857,1.32404,-8.63351
1190,8.71299,1.44909,-8.12305
1200,9.16706,1.56631,-7.58365
1210,8.70683,1.56631,-8.10789
1220,8.21666,1.56631,-8.60426
1230,7.69824,1.56631,-9.07104
1240,7.15336,1.56631,-9.50663
1250,6.58389,1.56631,-9.90954
1260,5.99178,1.56631,-10.2784
1270,5.37907,1.56631,-10.6119
1280,4.74786,1.56631,-10.9089
1290,4.10033,1.56631,-11.1684
1300,3.43871,1.56631,-11.3896
1310,2.76526,1.56631,-11.5715
1320,2.08231,1.56631,-11.7137
1330,1.3922,1.56631,-11.8156
1340,0.697297,1.56631,-11.8769
1350,6.54991e-07,1.56631,-11.8973
1360,-0.697296,1.56631,-11.8769
1370,-1.39219,1.56631,-11.8156
1380,-2.08231,1.56631,-11.7137
1390,-2.76526,1.56631,-11.5715
1400,-3.43871,1.56631,-11.3896
1410,-4.10033,1.56631,-11.1684
1420,-4.74786,1.56631,-10.9089
1430,-5.37906,1.56631,-10.6119
1440,-5.99177,1.56631,-10.2784
1450,-6.58388,1.56631,-9.90955
1460,-7.15336,1.56631,-9.50663
1470,-7.69824,1.56631,-9.07104
1480,-8.21666,1.56631,-8.60426
1490,-8.70682,1.56631,-8.10789
1500,-9.16706,1.56631,-7.58365
1510,-9.13521,1.56631,-7.62198
1520,-9.1032,1.56631,-7.66018
1530,-9.07103,1.56631,-7.69825
1540,-9.03871,1.56631,-7.73618
1550,-9.00623,1.56631,-7.77397
1560,-8.97358,1.56631,-7.81163
1570,-8.94078,1.56631,-7.84914
1580,-8.90783,1.56631,-7.88653
1590,-8.87471,1.56631,-7.92377
1600,-8.84144,1.56631,-7.96088
1610,-8.80802,1.56631,-7.99784
1620,-8.77444,1.56631,-8.03466
1630,-8.74071,1.56631,-8.07135
1640,-8.70682,1.56631,-8.10789
1650,-8.67279,1.56631,-8.14429
1660,-8.63859,1.56631,-8.18055
1670,-8.60425,1.56631,-8.21666
1680,-8.56976,1.56631,-8.25263
1690,-8.53512,1.56631,-8.28845
1700,-8.50032,1.56631,-8.32413
1710,-8.46538,1.56631,-8.35966
1720,-8.43029,1.56631,-8.39505
1730,-8.39505,1.56631,-8.43029
1740,-8.35966,1.56631,-8.46538
1750,-8.32413,1.56631,-8.50032
1760,-8.28845,1.56631,-8.53512
1770,-8.25263,1.56631,-8.56976
1780,-8.21666,1.56631,-8.60425
1790,-8.18055,1.56631,-8.6386
1800,-8.14429,1.56631,-8.67279
1810,-8.13328,1.25472,-8.73358
1820,-8.11683,0.942194,-8.78802
1830,-8.09495,0.628953,-8.83607
1840,-8.06766,0.315217,-8.8777
1850,-8.03498,0.00120801,-8.91286
1860,-7.99692,-0.312856,-8.94155
1870,-7.95352,-0.626754,-8.96374
1880,-7.90481,-0.940263,-8.97941
1890,-7.85082,-1.25317,-8.98856
1900,-7.79158,-1.56524,-8.99117
1910,-7.72715,-1.87627,-8.98726
1920,-7.65756,-2.18604,-8.9768
1930,-7.58287,-2.49433,-8.95983
1940,-7.50312,-2.80091,-8.93634
1950,-7.41837,-3.10559,-8.90635
1960,-7.32868,-3.40813,-8.86989
1970,-7.23412,-3.70834,-8.82698
1980,-7.13476,-4.006,-8.77766
1990,-7.03065,-4.3009,-8.72194
2000,-6.92187,-4.59283,-8.65989
2010,-6.80851,-4.88159,-8.59152
2020,-6.69064,-5.16698,-8.51691
2030,-6.56834,-5.44879,-8.43609
2040,-6.44169,-5.72683,-8.34913
2050,-6.3108,-6.0009,-8.25609
2060,-6.17575,-6.27082,-8.15702
2070,-6.03662,-6.53638,-8.05201
2080,-5.89353,-6.79741,-7.94112
2090,-5.74658,-7.05372,-7.82444
2100,-5.59586,-7.30514,-7.70204
2110,-4.92506,-7.32467,-8.12976
2120,-4.21582,-7.35961,-8.48899
2130,-3.47531,-7.40959,-8.77611
2140,-2.71102,-7.47412,-8.98821
2150,-1.93068,-7.55253,-9.12314
2160,-1.14218,-7.64405,-9.17954
2170,-0.35349,-7.74773,-9.15684
2180,0.427403,-7.86253,-9.05527
2190,1.19261,-7.9873,-8.87585
2200,1.93438,-8.12076,-8.62041
2210,2.64522,-8.26158,-8.29151
2220,3.31793,-8.40831,-7.8925
2230,3.94572,-8.55949,-7.4274
2240,4.52224,-8.71359,-6.90093
2250,5.04165,-8.86903,-6.3184
2260,5.49869,-9.02426,-5.6857
2270,5.88876,-9.17769,-5.00924
2280,6.2079,-9.32779,-4.29586
2290,6.45288,-9.47303,-3.55277
2300,6.62122,-9.61194,-2.78749
2310,6.71123,-9.74311,-2.00776
2320,6.722,-9.86523,-1.22146
2330,6.65341,-9.97705,-0.436549
2340,6.50615,-10.0775,0.339033
2350,6.28173,-10.1654,1.09744
2360,5.9824,-10.24,1.83101
2370,5.6112,-10.3006,2.53232
2380,5.17188,-10.3464,3.19428
2390,4.66887,-10.3771,3.81018
2400,4.10728,-10.3923,4.37381
2410,4.24836,-10.3132,4.42587
2420,4.38905,-10.2323,4.4761
2430,4.52932,-10.1496,4.52448
2440,4.66914,-10.065,4.571
2450,4.80847,-9.97869,4.61565
2460,4.94728,-9.89057,4.65843
2470,5.08554,-9.8007,4.69931
2480,5.22321,-9.7091,4.73829
2490,5.36026,-9.61579,4.77537
2500,5.49665,-9.5208,4.81052
2510,5.63236,-9.42415,4.84375
2520,5.76735,-9.32585,4.87504
2530,5.90159,-9.22595,4.9044
2540,6.03505,-9.12445,4.9318
2550,6.16768,-9.02138,4.95724
2560,6.29948,-8.91678,4.98073
2570,6.43039,-8.81065,5.00225
2580,6.56039,-8.70304,5.02179
2590,6.68945,-8.59396,5.03936
2600,6.81753,-8.48344,5.05494
2610,6.94462,-8.37151,5.06854
2620,7.07066,-8.2582,5.08015
2630,7.19564,-8.14352,5.08977
2640,7.31953,-8.02752,5.09739
2650,7.44229,-7.91021,5.10302
2660,7.5639,-7.79163,5.10666
2670,7.68432,-7.6718,5.10829
2680,7.80353,-7.55076,5.10792
2690,7.9215,-7.42853,5.10556
2700,8.0382,-7.30514,5.1012
2710,8.0382,-7.30514,5.1012
2720,8.0382,-7.30514,5.1012
2730,8.0382,-7.30514,5.1012
2740,8.0382,-7.30514,5.1012
2750,8.0382,-7.30514,5.1012
2760,8.0382,-7.30514,5.1012
2770,8.0382,-7.30514,5.1012
2780,8.0382,-7.30514,5.1012
2790,8.0382,-7.30514,5.1012
2800,8.0382,-7.30514,5.1012
2810,8.0382,-7.30514,5.1012
2820,8.0382,-7.30514,5.1012
2830,8.0382,-7.30514,5.1012
2840,8.0382,-7.30514,5.1012
2850,8.0382,-7.30514,5.1012
2860,8.0382,-7.30514,5.1012
2870,8.0382,-7.30514,5.1012
2880,8.0382,-7.30514,5.1012
2890,8.0382,-7.30514,5.1012
2900,8.0382,-7.30514,5.1012
2910,8.0382,-7.30514,5.1012
2920,8.0382,-7.30514,5.1012
2930,8.0382,-7.30514,5.1012
2940,8.0382,-7.30514,5.1012
2950,8.0382,-7.30514,5.1012
2960,8.0382,-7.30514,5.1012
2970,8.0382,-7.30514,5.1012
2980,8.0382,-7.30514,5.1012
2990,8.0382,-7.30514,5.1012
3000,8.0382,-7.30514,5.1012
3010,8.08737,-7.26358,5.0828
3020,8.13631,-7.22187,5.0641
3030,8.185,-7.18001,5.04511
3040,8.23345,-7.13801,5.02584
3050,8.28167,-7.09587,5.00626
3060,8.32963,-7.05358,4.98641
3070,8.37736,-7.01115,4.96626
3080,8.42483,-6.96858,4.94582
3090,8.47206,-6.92588,4.92509
3100,8.51903,-6.88303,4.90408
3110,8.56575,-6.84005,4.88278
3120,8.61222,-6.79694,4.8612
3130,8.65843,-6.7537,4.83933
3140,8.70438,-6.71033,4.81718
3150,8.75008,-6.66683,4.79474
3160,8.79551,-6.6232,4.77202
3170,8.84068,-6.57945,4.74903
3180,8.88558,-6.53557,4.72575
3190,8.93023,-6.49157,4.70219
3200,8.9746,-6.44745,4.67835
3210,9.0187,-6.40322,4.65423
3220,9.06253,-6.35886,4.62984
3230,9.10609,-6.31439,4.60517
3240,9.14937,-6.26981,4.58023
3250,9.19238,-6.22511,4.55501
3260,9.23511,-6.1803,4.52951
3270,9.27757,-6.13539,4.50375
3280,9.31974,-6.09036,4.47771
3290,9.36163,-6.04523,4.45141
3300,9.40324,-6,4.42483
3310,9.57314,-5.95811,4.10561
3320,9.73207,-5.91537,3.78089
3330,9.87985,-5.87185,3.45106
3340,10.0163,-5.82759,3.11649
3350,10.1413,-5.78263,2.77755
3360,10.2547,-5.73704,2.43464
3370,10.3563,-5.69086,2.08814
3380,10.4461,-5.64415,1.73846
3390,10.5239,-5.59695,1.38598
3400,10.5897,-5.54932,1.03111
3410,10.6433,-5.50133,0.674262
3420,10.6848,-5.45301,0.315833
3430,10.714,-5.40444,-0.0437627
3440,10.731,-5.35565,-0.404119
3450,10.7356,-5.30672,-0.764821
3460,10.728,-5.25768,-1.12546
3470,10.7081,-5.20861,-1.48562
3480,10.6759,-5.15955,-1.8449
3490,10.6315,-5.11056,-2.20289
3500,10.575,-5.0617,-2.55917
3510,10.5063,-5.01302,-2.91334
3520,10.4256,-4.96458,-3.265
3530,10.3329,-4.91644,-3.61374
3540,10.2285,-4.86864,-3.95917
3550,10.1123,-4.82125,-4.3009
3560,9.98449,-4.77431,-4.63853
3570,9.84528,-4.72789,-4.97168
3580,9.69479,-4.68203,-5.29997
3590,9.5332,-4.63678,-5.62302
3600,9.36069,-4.5922,-5.94047
3610,9.33572,-4.5922,-5.97963
3620,9.31059,-4.5922,-6.01868
3630,9.2853,-4.5922,-6.05763
3640,9.25985,-4.5922,-6.09647
3650,9.23423,-4.5922,-6.13521
3660,9.20845,-4.5922,-6.17383
3670,9.18251,-4.5922,-6.21235
3680,9.1564,-4.5922,-6.25076
3690,9.13014,-4.5922,-6.28906
3700,9.10372,-4.5922,-6.32725
3710,9.07713,-4.5922,-6.36532
3720,9.05039,-4.5922,-6.40329
3730,9.02349,-4.5922,-6.44115
3740,8.99643,-4.5922,-6.47889
3750,8.96921,-4.5922,-6.51651
3760,8.94184,-4.5922,-6.55403
3770,8.91431,-4.5922,-6.59142
3780,8.88662,-4.5922,-6.62871
3790,8.85877,-4.5922,-6.66587
3800,8.83077,-4.5922,-6.70292
3810,8.80262,-4.5922,-6.73985
3820,8.77431,-4.5922,-6.77667
3830,8.74585,-4.5922,-6.81336
3840,8.71723,-4.5922,-6.84993
3850,8.68846,-4.5922,-6.88639
3860,8.65954,-4.5922,-6.92272
3870,8.63047,-4.5922,-6.95893
3880,8.60124,-4.5922,-6.99502
3890,8.57187,-4.5922,-7.03099
3900,8.54234,-4.5922,-7.06684
3910,8.71094,-4.76563,-6.73857
3920,8.86415,-4.94122,-6.40399
3930,9.00173,-5.1187,-6.06364
3940,9.12343,-5.29775,-5.71812
3950,9.22905,-5.47808,-5.368
3960,9.31841,-5.65937,-5.01387
3970,9.39135,-5.84132,-4.65633
3980,9.44777,-6.02363,-4.296
3990,9.48755,-6.20598,-3.93347
4000,9.51064,-6.38806,-3.56937
4010,9.51699,-6.56958,-3.20431
4020,9.50659,-6.75021,-2.8389
4030,9.47946,-6.92966,-2.47377
4040,9.43565,-7.10762,-2.10953
4050,9.37523,-7.28379,-1.74681
4060,9.29831,-7.45788,-1.3862
4070,9.205,-7.62958,-1.02833
4080,9.09548,-7.79861,-0.6738
4090,8.96992,-7.96467,-0.323208
4100,8.82855,-8.1275,0.0228529
4110,8.67159,-8.28681,0.363794
4120,8.49931,-8.44234,0.699041
4130,8.31201,-8.59382,1.02803
4140,8.11,-8.74099,1.35019
4150,7.89362,-8.88361,1.66499
4160,7.66325,-9.02143,1.9719
4170,7.41926,-9.15423,2.27039
4180,7.16208,-9.28177,2.55995
4190,6.89214,-9.40384,2.84011
4200,6.60989,-9.52024,3.11038
4210,6.71537,-9.48923,2.97632
4220,6.81788,-9.45783,2.84006
4230,6.91739,-9.42606,2.70168
4240,7.01384,-9.39394,2.56123
4250,7.10719,-9.36149,2.41878
4260,7.19739,-9.32871,2.27439
4270,7.28441,-9.29561,2.12812
4280,7.36821,-9.26223,1.98006
4290,7.44874,-9.22856,1.83025
4300,7.52598,-9.19464,1.67878
4310,7.59988,-9.16046,1.52571
4320,7.67041,-9.12605,1.37111
4330,7.73755,-9.09143,1.21505
4340,7.80124,-9.0566,1.0576
4350,7.86148,-9.02159,0.898837
4360,7.91824,-8.98641,0.738831
4370,7.97148,-8.95108,0.577655
4380,8.02118,-8.91562,0.415383
4390,8.06732,-8.88003,0.25209
4400,8.10987,-8.84433,0.0878482
4410,8.14883,-8.80855,-0.0772648
4420,8.18417,-8.7727,-0.243176
4430,8.21587,-8.73679,-0.409807
4440,8.24392,-8.70085,-0.577083
4450,8.26831,-8.66488,-0.744927
4460,8.28902,-8.62891,-0.913264
4470,8.30606,-8.59294,-1.08201
4480,8.3194,-8.55701,-1.2511
4490,8.32904,-8.52111,-1.42045
4500,8.33498,-8.48528,-1.58998
4510,8.36405,-8.44822,-1.6341
4520,8.39277,-8.41099,-1.6783
4530,8.42115,-8.37359,-1.72258
4540,8.44918,-8.33603,-1.76693
4550,8.47687,-8.29829,-1.81136
4560,8.50422,-8.26039,-1.85587
4570,8.53121,-8.22233,-1.90044
4580,8.55786,-8.18411,-1.94509
4590,8.58416,-8.14573,-1.98981
4600,8.61011,-8.10718,-2.03459
4610,8.63571,-8.06848,-2.07944
4620,8.66096,-8.02963,-2.12436
4630,8.68585,-7.99061,-2.16933
4640,8.7104,-7.95145,-2.21437
4650,8.73458,-7.91213,-2.25947
4660,8.75842,-7.87267,-2.30462
4670,8.78189,-7.83305,-2.34983
4680,8.80501,-7.79329,-2.3951
4690,8.82777,-7.75338,-2.44042
4700,8.85017,-7.71332,-2.48579
4710,8.87222,-7.67312,-2.5312
4720,8.8939,-7.63278,-2.57667
4730,8.91522,-7.5923,-2.62218
4740,8.93618,-7.55168,-2.66774
4750,8.95677,-7.51093,-2.71334
4760,8.97701,-7.47004,-2.75898
4770,8.99687,-7.42901,-2.80466
4780,9.01638,-7.38785,-2.85037
4790,9.03551,-7.34656,-2.89613
4800,9.05429,-7.30514,-2.94192
4810,9.02932,-7.30514,-3.01767
4820,9.00373,-7.30514,-3.0932
4830,8.9775,-7.30514,-3.16852
4840,8.95064,-7.30514,-3.24362
4850,8.92315,-7.30514,-3.31849
4860,8.89504,-7.30514,-3.39313
4870,8.8663,-7.30514,-3.46753
4880,8.83694,-7.30514,-3.54168
4890,8.80696,-7.30514,-3.61559
4900,8.77636,-7.30514,-3.68924
4910,8.74514,-7.30514,-3.76264
4920,8.71332,-7.30514,-3.83576
4930,8.68088,-7.30514,-3.90863
4940,8.64783,-7.30514,-3.98121
4950,8.61417,-7.30514,-4.05352
4960,8.57991,-7.30514,-4.12554
4970,8.54505,-7.30514,-4.19728
4980,8.50958,-7.30514,-4.26872
4990,8.47353,-7.30514,-4.33986
5000,8.43687,-7.30514,-4.41069
5010,8.39963,-7.30514,-4.48121
5020,8.36179,-7.30514,-4.55142
5030,8.32337,-7.30514,-4.62131
5040,8.28436,-7.30514,-4.69088
5050,8.24477,-7.30514,-4.76012
5060,8.2046,-7.30514,-4.82902
5070,8.16386,-7.30514,-4.89759
5080,8.12254,-7.30514,-4.96581
5090,8.08066,-7.30514,-5.03368
5100,8.03821,-7.30514,-5.1012
5110,8.2375,-7.26674,-4.83096
5120,8.42746,-7.22754,-4.55419
5130,8.60788,-7.18757,-4.27122
5140,8.77854,-7.14689,-3.98236
5150,8.93926,-7.10554,-3.68794
5160,9.08985,-7.06357,-3.3883
5170,9.23014,-7.02102,-3.08379
5180,9.35997,-6.97795,-2.77474
5190,9.47919,-6.9344,-2.46151
5200,9.58767,-6.89042,-2.14446
5210,9.68527,-6.84607,-1.82395
5220,9.7719,-6.80139,-1.50034
5230,9.84745,-6.75643,-1.17401
5240,9.91184,-6.71126,-0.845322
5250,9.96498,-6.6659,-0.514655
5260,10.0068,-6.62043,-0.182385
5270,10.0373,-6.57488,0.151107
5280,10.0565,-6.52932,0.485441
5290,10.0642,-6.4838,0.820239
5300,10.0605,-6.43836,1.15512
5310,10.0454,-6.39306,1.48969
5320,10.0189,-6.34795,1.82359
5330,9.98104,-6.30308,2.15642
5340,9.93187,-6.2585,2.48781
5350,9.87144,-6.21427,2.81737
5360,9.79982,-6.17043,3.14474
5370,9.71709,-6.12703,3.46954
5380,9.62334,-6.08413,3.7914
5390,9.51868,-6.04177,4.10995
5400,9.40324,-6,4.42483
5410,9.50161,-6.04261,4.14805
5420,9.59164,-6.08564,3.86852
5430,9.67326,-6.12905,3.58648
5440,9.74638,-6.17282,3.30217
5450,9.81096,-6.2169,3.01584
5460,9.86692,-6.26124,2.72775
5470,9.91423,-6.30583,2.43815
5480,9.95284,-6.3506,2.14729
5490,9.98272,-6.39553,1.85543
5500,10.0038,-6.44057,1.56281
5510,10.0162,-6.48569,1.26972
5520,10.0197,-6.53085,0.976383
5530,10.0145,-6.576,0.683076
5540,10.0004,-6.6211,0.390051
5550,9.97764,-6.66613,0.0975642
5560,9.94607,-6.71103,-0.194125
5570,9.90578,-6.75577,-0.484763
5580,9.8568,-6.80031,-0.774095
5590,9.79917,-6.84461,-1.06186
5600,9.73294,-6.88863,-1.34782
5610,9.65817,-6.93233,-1.63171
5620,9.57493,-6.97568,-1.91329
5630,9.48328,-7.01863,-2.19231
5640,9.38332,-7.06115,-2.46852
5650,9.27511,-7.1032,-2.74169
5660,9.15877,-7.14474,-3.01157
5670,9.0344,-7.18574,-3.27792
5680,8.90209,-7.22617,-3.54052
5690,8.76198,-7.26598,-3.79913
5700,8.61417,-7.30514,-4.05352
5710,8.61417,-7.30514,-4.05352
5720,8.61417,-7.30514,-4.05352
5730,8.61417,-7.30514,-4.05352
5740,8.61417,-7.30514,-4.05352
5750,8.61417,-7.30514,-4.05352
5760,8.61417,-7.30514,-4.05352
5770,8.61417,-7.30514,-4.05352
5780,8.61417,-7.30514,-4.05352
5790,8.61417,-7.30514,-4.05352
5800,8.61417,-7.30514,-4.05352
5810,8.61417,-7.30514,-4.05352
5820,8.61417,-7.30514,-4.05352
5830,8.61417,-7.30514,-4.05352
5840,8.61417,-7.30514,-4.05352
5850,8.61417,-7.30514,-4.05352
5860,8.61417,-7.30514,-4.05352
5870,8.61417,-7.30514,-4.05352
5880,8.61417,-7.30514,-4.05352
5890,8.61417,-7.30514,-4.05352
5900,8.61417,-7.30514,-4.05352
5910,8.61417,-7.30514,-4.05352
5920,8.61417,-7.30514,-4.05352
5930,8.61417,-7.30514,-4.05352
5940,8.61417,-7.30514,-4.05352
5950,8.61417,-7.30514,-4.05352
5960,8.61417,-7.30514,-4.05352
5970,8.61417,-7.30514,-4.05352
5980,8.61417,-7.30514,-4.05352
5990,8.61417,-7.30514,-4.05352
6000,8.61417,-7.30514,-4.05352
6010,8.71332,-7.30514,-3.83576
6020,8.80696,-7.30514,-3.61559
6030,8.89504,-7.30514,-3.39313
6040,8.9775,-7.30514,-3.16852
6050,9.05429,-7.30514,-2.94191
6060,9.12536,-7.30514,-2.71345
6070,9.19066,-7.30514,-2.48327
6080,9.25017,-7.30514,-2.25153
6090,9.30383,-7.30514,-2.01836
6100,9.35161,-7.30514,-1.78391
6110,9.39349,-7.30514,-1.54834
6120,9.42943,-7.30514,-1.3118
6130,9.45942,-7.30514,-1.07442
6140,9.48343,-7.30514,-0.836363
6150,9.50146,-7.30514,-0.597779
6160,9.51348,-7.30514,-0.358819
6170,9.51949,-7.30514,-0.11963
6180,9.51949,-7.30514,0.119632
6190,9.51348,-7.30514,0.35882
6200,9.50145,-7.30514,0.597781
6210,9.48343,-7.30514,0.836365
6220,9.45942,-7.30514,1.07442
6230,9.42943,-7.30514,1.3118
6240,9.39349,-7.30514,1.54834
6250,9.35161,-7.30514,1.78391
6260,9.30383,-7.30514,2.01836
6270,9.25017,-7.30514,2.25153
6280,9.19066,-7.30514,2.48327
6290,9.12536,-7.30514,2.71345
6300,9.05429,-7.30514,2.94192
6310,9.13431,-7.26432,2.79177
6320,9.21164,-7.2232,2.6403
6330,9.28623,-7.18178,2.48755
6340,9.35808,-7.14009,2.33356
6350,9.42715,-7.09813,2.17838
6360,9.49344,-7.05591,2.02205
6370,9.55691,-7.01346,1.86463
6380,9.61756,-6.97077,1.70616
6390,9.67536,-6.92786,1.54668
6400,9.73029,-6.88476,1.38625
6410,9.78233,-6.84146,1.22491
6420,9.83148,-6.79798,1.06272
6430,9.87772,-6.75434,0.899714
6440,9.92104,-6.71055,0.735948
6450,9.96141,-6.66662,0.571467
6460,9.99883,-6.62256,0.406326
6470,10.0333,-6.57839,0.240571
6480,10.0648,-6.53412,0.0742509
6490,10.0933,-6.48976,-0.0925827
6500,10.1188,-6.44534,-0.25988
6510,10.1413,-6.40085,-0.427592
6520,10.1608,-6.35632,-0.595668
6530,10.1773,-6.31175,-0.764059
6540,10.1908,-6.26717,-0.932712
6550,10.2013,-6.22258,-1.10158
6560,10.2087,-6.17799,-1.2706
6570,10.2131,-6.13343,-1.43974
6580,10.2145,-6.0889,-1.60894
6590,10.2129,-6.04442,-1.77815
6600,10.2082,-6,-1.94732
6610,10.2129,-6.04442,-1.77815
6620,10.2145,-6.0889,-1.60894
6630,10.2131,-6.13343,-1.43974
6640,10.2087,-6.17799,-1.2706
6650,10.2013,-6.22258,-1.10158
6660,10.1908,-6.26717,-0.932711
6670,10.1773,-6.31175,-0.764058
6680,10.1608,-6.35632,-0.595669
6690,10.1413,-6.40085,-0.427592
6700,10.1188,-6.44534,-0.25988
6710,10.0933,-6.48976,-0.0925827
6720,10.0648,-6.53412,0.0742507
6730,10.0333,-6.57839,0.240571
6740,9.99883,-6.62256,0.406326
6750,9.96141,-6.66662,0.571467
6760,9.92104,-6.71055,0.735948
6770,9.87772,-6.75434,0.899714
6780,9.83148,-6.79798,1.06272
6790,9.78233,-6.84146,1.22491
6800,9.73028,-6.88476,1.38625
6810,9.67536,-6.92786,1.54668
6820,9.61756,-6.97077,1.70616
6830,9.55692,-7.01346,1.86463
6840,9.49344,-7.05591,2.02205
6850,9.42715,-7.09813,2.17838
6860,9.35808,-7.14009,2.33356
6870,9.28623,-7.18178,2.48755
6880,9.21164,-7.2232,2.6403
6890,9.13431,-7.26432,2.79177
6900,9.05429,-7.30514,2.94192
6910,9.12536,-7.30514,2.71345
6920,9.19066,-7.30514,2.48327
6930,9.25017,-7.30514,2.25153
6940,9.30383,-7.30514,2.01836
6950,9.35161,-7.30514,1.78391
6960,9.39349,-7.30514,1.54834
6970,9.42943,-7.30514,1.3118
6980,9.45942,-7.30514,1.07442
6990,9.48343,-7.30514,0.836365
7000,9.50145,-7.30514,0.597781
7010,9.51348,-7.30514,0.35882
7020,9.51949,-7.30514,0.119632
7030,9.51949,-7.30514,-0.11963
7040,9.51348,-7.30514,-0.358819
7050,9.50146,-7.30514,-0.597779
7060,9.48343,-7.30514,-0.836364
7070,9.45942,-7.30514,-1.07442
7080,9.42943,-7.30514,-1.3118
7090,9.39349,-7.30514,-1.54834
7100,9.35161,-7.30514,-1.78391
7110,9.30383,-7.30514,-2.01836
7120,9.25017,-7.30514,-2.25153
7130,9.19066,-7.30514,-2.48327
7140,9.12536,-7.30514,-2.71345
7150,9.05429,-7.30514,-2.94192
7160,8.9775,-7.30514,-3.16852
7170,8.89504,-7.30514,-3.39313
7180,8.80696,-7.30514,-3.61559
7190,8.71332,-7.30514,-3.83577
7200,8.61417,-7.30514,-4.05352
7210,8.72931,-7.30514,-3.79923
7220,8.83694,-7.30514,-3.54168
7230,8.93697,-7.30514,-3.28108
7240,9.02932,-7.30514,-3.01766
7250,9.11391,-7.30514,-2.75165
7260,9.19067,-7.30514,-2.48327
7270,9.25952,-7.30514,-2.21276
7280,9.32041,-7.30514,-1.94034
7290,9.37329,-7.30514,-1.66626
7300,9.41811,-7.30514,-1.39074
7310,9.45484,-7.30514,-1.11403
7320,9.48343,-7.30514,-0.836364
7330,9.50388,-7.30514,-0.557976
7340,9.51615,-7.30514,-0.279108
7350,9.52024,-7.30514,0
7360,9.51615,-7.30514,0.279109
7370,9.50388,-7.30514,0.557976
7380,9.48343,-7.30514,0.836366
7390,9.45484,-7.30514,1.11403
7400,9.41811,-7.30514,1.39075
7410,9.37329,-7.30514,1.66626
7420,9.32041,-7.30514,1.94035
7430,9.25952,-7.30514,2.21276
7440,9.19066,-7.30514,2.48327
7450,9.11391,-7.30514,2.75165
7460,9.02932,-7.30514,3.01767
7470,8.93697,-7.30514,3.28108
7480,8.83694,-7.30514,3.54168
7490,8.72931,-7.30514,3.79923
7500,8.61417,-7.30514,4.05352
7510,8.69613,-7.34415,3.80009
7520,8.77047,-7.38351,3.54438
7530,8.83711,-7.4232,3.28659
7540,8.89599,-7.46316,3.02698
7550,8.94707,-7.50338,2.76575
7560,8.99029,-7.5438,2.50314
7570,9.02563,-7.5844,2.23938
7580,9.05305,-7.62515,1.9747
7590,9.07253,-7.666,1.70934
7600,9.08404,-7.70691,1.44352
7610,9.08758,-7.74787,1.17748
7620,9.08315,-7.78882,0.911455
7630,9.07074,-7.82973,0.645676
7640,9.05038,-7.87057,0.380376
7650,9.02208,-7.9113,0.115789
7660,8.98586,-7.95189,-0.147853
7670,8.94175,-7.99229,-0.41032
7680,8.8898,-8.03248,-0.671379
7690,8.83005,-8.07241,-0.930804
7700,8.76255,-8.11206,-1.18837
7710,8.68736,-8.15139,-1.44384
7720,8.60455,-8.19036,-1.697
7730,8.51418,-8.22894,-1.94762
7740,8.41635,-8.2671,-2.19549
7750,8.31113,-8.30479,-2.44039
7760,8.19862,-8.342,-2.6821
7770,8.07891,-8.37869,-2.9204
7780,7.95212,-8.41482,-3.1551
7790,7.81835,-8.45036,-3.38599
7800,7.67771,-8.48528,-3.61286
7810,7.80374,-8.44977,-3.42096
7820,7.92476,-8.41377,-3.22595
7830,8.04068,-8.37729,-3.02796
7840,8.15143,-8.34036,-2.82712
7850,8.25694,-8.30301,-2.62355
7860,8.35714,-8.26526,-2.41739
7870,8.45197,-8.22713,-2.20876
7880,8.54136,-8.18864,-1.99782
7890,8.62526,-8.14983,-1.7847
7900,8.70361,-8.11072,-1.56952
7910,8.77636,-8.07133,-1.35244
7920,8.84346,-8.03169,-1.13359
7930,8.90488,-7.99183,-0.913119
7940,8.96056,-7.95177,-0.691167
7950,9.01048,-7.91153,-0.467879
7960,9.0546,-7.87115,-0.243398
7970,9.09289,-7.83065,-0.017873
7980,9.12533,-7.79005,0.208551
7990,9.1519,-7.74938,0.435727
8000,9.17257,-7.70868,0.663508
8010,9.18734,-7.66796,0.891745
8020,9.1962,-7.62724,1.12029
8030,9.19914,-7.58657,1.34899
8040,9.19615,-7.54597,1.57771
8050,9.18725,-7.50545,1.80629
8060,9.17244,-7.46505,2.03458
8070,9.15172,-7.42479,2.26243
8080,9.12511,-7.3847,2.48971
8090,9.09262,-7.34481,2.71625
8100,9.05429,-7.30514,2.94192
8110,9.14445,-7.17989,2.97121
8120,9.23305,-7.05342,3
8130,9.32007,-6.92574,3.02827
8140,9.40549,-6.79688,3.05603
8150,9.4893,-6.66684,3.08326
8160,9.57148,-6.53567,3.10996
8170,9.65202,-6.40337,3.13613
8180,9.73091,-6.26998,3.16176
8190,9.80813,-6.13552,3.18685
8200,9.88367,-6,3.2114
8210,9.95751,-5.86346,3.23539
8220,10.0297,-5.72591,3.25883
8230,10.1001,-5.58737,3.28171
8240,10.1688,-5.44789,3.30403
8250,10.2357,-5.30746,3.32579
8260,10.3009,-5.16613,3.34697
8270,10.3643,-5.02392,3.36758
8280,10.426,-4.88084,3.38761
8290,10.4859,-4.73693,3.40707
8300,10.5439,-4.5922,3.42593
8310,10.6002,-4.44669,3.44422
8320,10.6547,-4.30042,3.46191
8330,10.7073,-4.15341,3.47901
8340,10.7581,-4.00568,3.49551
8350,10.807,-3.85727,3.51141
8360,10.8541,-3.7082,3.52671
8370,10.8993,-3.5585,3.54141
8380,10.9427,-3.40819,3.5555
8390,10.9842,-3.25729,3.56898
8400,11.0238,-3.10583,3.58185
8410,10.9434,-3.30667,3.64786
8420,10.8594,-3.5067,3.71171
8430,10.7717,-3.70583,3.77337
8440,10.6803,-3.904,3.83281
8450,10.5853,-4.10112,3.89002
8460,10.4867,-4.29713,3.94497
8470,10.3847,-4.49196,3.99765
8480,10.2791,-4.68552,4.04803
8490,10.17,-4.87775,4.09609
8500,10.0576,-5.06858,4.14182
8510,9.94174,-5.25793,4.1852
8520,9.82258,-5.44573,4.22621
8530,9.70013,-5.63192,4.26484
8540,9.57444,-5.81643,4.30108
8550,9.44555,-5.99918,4.3349
8560,9.31353,-6.1801,4.3663
8570,9.1784,-6.35914,4.39527
8580,9.04022,-6.53622,4.42179
8590,8.89905,-6.71128,4.44586
8600,8.75494,-6.88424,4.46746
8610,8.60794,-7.05506,4.48659
8620,8.45811,-7.22366,4.50324
8630,8.3055,-7.38998,4.5174
8640,8.15017,-7.55395,4.52908
8650,7.99217,-7.71553,4.53826
8660,7.83158,-7.87464,4.54494
8670,7.66844,-8.03123,4.54912
8680,7.50281,-8.18524,4.5508
8690,7.33476,-8.33661,4.54997
8700,7.16436,-8.48528,4.54664
8710,7.23573,-8.44835,4.50218
8720,7.30657,-8.41122,4.45705
8730,7.37688,-8.3739,4.41127
8740,7.44667,-8.33639,4.36483
8750,7.51591,-8.29869,4.31774
8760,7.58461,-8.2608,4.27
8770,7.65275,-8.22274,4.22161
8780,7.72034,-8.18449,4.17259
8790,7.78736,-8.14607,4.12293
8800,7.85381,-8.10748,4.07265
8810,7.91968,-8.06872,4.02174
8820,7.98497,-8.0298,3.9702
8830,8.04968,-7.99072,3.91805
8840,8.11379,-7.95148,3.86529
8850,8.1773,-7.91208,3.81192
8860,8.2402,-7.87254,3.75795
8870,8.3025,-7.83285,3.70339
8880,8.36417,-7.79301,3.64823
8890,8.42523,-7.75304,3.59248
8900,8.48566,-7.71293,3.53615
8910,8.54546,-7.67269,3.47924
8920,8.60461,-7.63231,3.42176
8930,8.66313,-7.59182,3.36371
8940,8.72099,-7.5512,3.3051
8950,8.77821,-7.51046,3.24593
8960,8.83476,-7.46961,3.18621
8970,8.89065,-7.42865,3.12594
8980,8.94587,-7.38758,3.06513
8990,9.00042,-7.34641,3.00379
9000,9.05429,-7.30514,2.94192
9010,9.15772,-7.26532,2.71133
9020,9.25515,-7.22499,2.47824
9030,9.34653,-7.18417,2.24279
9040,9.43178,-7.1429,2.00514
9050,9.51086,-7.10119,1.76543
9060,9.58371,-7.05907,1.52383
9070,9.65029,-7.01657,1.2805
9080,9.71055,-6.97373,1.03558
9090,9.76445,-6.93056,0.789243
9100,9.81196,-6.88709,0.541645
9110,9.85305,-6.84336,0.292947
9120,9.88769,-6.79939,0.0433123
9130,9.91586,-6.7552,-0.207099
9140,9.93754,-6.71084,-0.458124
9150,9.95272,-6.66632,-0.709599
9160,9.96138,-6.62168,-0.96136
9170,9.96352,-6.57695,-1.21325
9180,9.95914,-6.53215,-1.46509
9190,9.94825,-6.48731,-1.71673
9200,9.93084,-6.44247,-1.968
9210,9.90693,-6.39764,-2.21874
9220,9.87654,-6.35287,-2.46879
9230,9.83969,-6.30818,-2.71798
9240,9.79639,-6.2636,-2.96615
9250,9.74668,-6.21915,-3.21314
9260,9.6906,-6.17487,-3.45879
9270,9.62817,-6.13079,-3.70295
9280,9.55943,-6.08693,-3.94544
9290,9.48444,-6.04333,-4.18612
9300,9.40324,-6,-4.42483
9310,9.45026,-5.90908,-4.44695
9320,9.49656,-5.81772,-4.46874
9330,9.54213,-5.72591,-4.49018
9340,9.58698,-5.63366,-4.51129
9350,9.6311,-5.54098,-4.53205
9360,9.67448,-5.44789,-4.55246
9370,9.71713,-5.35437,-4.57253
9380,9.75904,-5.26045,-4.59225
9390,9.8002,-5.16613,-4.61162
9400,9.84062,-5.07142,-4.63064
9410,9.88029,-4.97632,-4.64931
9420,9.91921,-4.88084,-4.66762
9430,9.95737,-4.78499,-4.68558
9440,9.99477,-4.68877,-4.70318
9450,10.0314,-4.5922,-4.72042
9460,10.0673,-4.49528,-4.73731
9470,10.1024,-4.39802,-4.75383
9480,10.1367,-4.30042,-4.76999
9490,10.1703,-4.20249,-4.78578
9500,10.2031,-4.10424,-4.80122
9510,10.2351,-4.00568,-4.81629
9520,10.2664,-3.90682,-4.83099
9530,10.2968,-3.80766,-4.84532
9540,10.3265,-3.7082,-4.85928
9550,10.3554,-3.60847,-4.87287
9560,10.3835,-3.50846,-4.8861
9570,10.4108,-3.40819,-4.89894
9580,10.4373,-3.30765,-4.91142
9590,10.463,-3.20686,-4.92352
9600,10.488,-3.10583,-4.93525
9610,10.5834,-3.24825,-4.63039
9620,10.6681,-3.39189,-4.32292
9630,10.7418,-3.53661,-4.01316
9640,10.8047,-3.68224,-3.70142
9650,10.8565,-3.82865,-3.38803
9660,10.8972,-3.97569,-3.07329
9670,10.9268,-4.1232,-2.75754
9680,10.9453,-4.27103,-2.44109
9690,10.9526,-4.41904,-2.12427
9700,10.9488,-4.56708,-1.80739
9710,10.9337,-4.71498,-1.4908
9720,10.9076,-4.86261,-1.17479
9730,10.8703,-5.00981,-0.859708
9740,10.8219,-5.15643,-0.545864
9750,10.7625,-5.30232,-0.233578
9760,10.6921,-5.44734,0.0768297
9770,10.6108,-5.59133,0.385043
9780,10.5187,-5.73414,0.690747
9790,10.4158,-5.87564,0.993629
9800,10.3024,-6.01568,1.29338
9810,10.1784,-6.15411,1.5897
9820,10.044,-6.29079,1.88228
9830,9.89946,-6.4256,2.17083
9840,9.74477,-6.55837,2.45504
9850,9.58014,-6.68899,2.73464
9860,9.40575,-6.81732,3.00933
9870,9.22176,-6.94323,3.27884
9880,9.02837,-7.06658,3.54288
9890,8.82577,-7.18726,3.8012
9900,8.61417,-7.30514,4.05352
9910,8.64783,-7.30514,3.98121
9920,8.68088,-7.30514,3.90863
9930,8.71331,-7.30514,3.83577
9940,8.74514,-7.30514,3.76264
9950,8.77636,-7.30514,3.68924
9960,8.80696,-7.30514,3.61559
9970,8.83694,-7.30514,3.54168
9980,8.8663,-7.30514,3.46753
9990,8.89503,-7.30514,3.39313
10000,8.92315,-7.30514,3.31849
10010,8.95064,-7.30514,3.24362
10020,8.9775,-7.30514,3.16852
10030,9.00373,-7.30514,3.0932
10040,9.02932,-7.30514,3.01767
10050,9.05429,-7.30514,2.94192
10060,9.07861,-7.30514,2.86596
10070,9.10231,-7.30514,2.7898
10080,9.12536,-7.30514,2.71345
10090,9.14777,-7.30514,2.63691
10100,9.16954,-7.30514,2.56018
10110,9.19067,-7.30514,2.48327
10120,9.21115,-7.30514,2.40619
10130,9.23098,-7.30514,2.32894
10140,9.25017,-7.30514,2.25153
10150,9.26871,-7.30514,2.17396
10160,9.28659,-7.30514,2.09623
10170,9.30383,-7.30514,2.01836
10180,9.32041,-7.30514,1.94034
10190,9.33634,-7.30514,1.8622
10200,9.35161,-7.30514,1.78392
10210,9.44393,-7.22336,1.62333
10220,9.53284,-7.14071,1.46129
10230,9.6183,-7.05719,1.29784
10240,9.70029,-6.97284,1.13304
10250,9.77878,-6.8877,0.96695
10260,9.85374,-6.80179,0.799632
10270,9.92514,-6.71514,0.631141
10280,9.99297,-6.62779,0.461538
10290,10.0572,-6.53976,0.290884
10300,10.1178,-6.45109,0.11924
10310,10.1747,-6.3618,-0.0533345
10320,10.228,-6.27194,-0.226776
10330,10.2775,-6.18152,-0.401026
10340,10.3234,-6.09059,-0.57602
10350,10.3656,-5.99918,-0.751696
10360,10.404,-5.90731,-0.927993
10370,10.4386,-5.81502,-1.10485
10380,10.4695,-5.72235,-1.2822
10390,10.4966,-5.62932,-1.45998
10400,10.52,-5.53597,-1.63813
10410,10.5395,-5.44234,-1.81658
10420,10.5552,-5.34845,-1.99528
10430,10.5672,-5.25434,-2.17415
10440,10.5753,-5.16004,-2.35314
10450,10.5796,-5.06559,-2.53218
10460,10.5801,-4.97102,-2.71121
10470,10.5768,-4.87636,-2.89017
10480,10.5696,-4.78165,-3.06898
10490,10.5587,-4.68692,-3.24759
10500,10.5439,-4.5922,-3.42593
10510,10.4919,-4.68866,-3.45482
10520,10.439,-4.78478,-3.48318
10530,10.3852,-4.88056,-3.51101
10540,10.3305,-4.97599,-3.53831
10550,10.275,-5.07106,-3.56507
10560,10.2185,-5.16575,-3.59129
10570,10.1612,-5.26007,-3.61697
10580,10.103,-5.354,-3.64211
10590,10.0439,-5.44754,-3.66671
10600,9.98395,-5.54067,-3.69075
10610,9.92317,-5.63339,-3.71424
10620,9.86154,-5.72568,-3.73719
10630,9.79907,-5.81755,-3.75958
10640,9.73576,-5.90897,-3.78141
10650,9.67162,-5.99995,-3.80268
10660,9.60666,-6.09047,-3.82339
10670,9.54088,-6.18052,-3.84354
10680,9.47428,-6.2701,-3.86313
10690,9.40688,-6.3592,-3.88215
10700,9.33869,-6.44781,-3.9006
10710,9.26969,-6.53592,-3.91848
10720,9.19991,-6.62353,-3.93579
10730,9.12936,-6.71062,-3.95253
10740,9.05803,-6.79718,-3.96869
10750,8.98593,-6.88321,-3.98428
10760,8.91307,-6.96871,-3.99929
10770,8.83946,-7.05366,-4.01372
10780,8.7651,-7.13805,-4.02757
10790,8.69,-7.22188,-4.04084
10800,8.61417,-7.30514,-4.05352
10810,8.72916,-7.26477,-3.87621
10820,8.84023,-7.224,-3.69651
10830,8.94734,-7.18286,-3.5145
10840,9.05044,-7.14135,-3.33028
10850,9.14948,-7.0995,-3.14392
10860,9.24441,-7.05733,-2.95551
10870,9.3352,-7.01485,-2.76513
10880,9.4218,-6.97209,-2.57287
10890,9.50417,-6.92907,-2.37882
10900,9.58227,-6.8858,-2.18307
10910,9.65608,-6.84231,-1.98571
10920,9.72554,-6.79861,-1.78682
10930,9.79064,-6.75473,-1.5865
10940,9.85135,-6.71068,-1.38485
10950,9.90762,-6.66648,-1.18194
10960,9.95945,-6.62217,-0.97788
10970,10.0068,-6.57774,-0.772758
10980,10.0497,-6.53324,-0.566667
10990,10.088,-6.48867,-0.359704
11000,10.1218,-6.44405,-0.151961
11010,10.1511,-6.39941,0.0564673
11020,10.1758,-6.35477,0.265484
11030,10.1959,-6.31015,0.474994
11040,10.2114,-6.26557,0.684901
11050,10.2224,-6.22104,0.895111
11060,10.2288,-6.17659,1.10553
11070,10.2305,-6.13225,1.31605
11080,10.2277,-6.08802,1.52659
11090,10.2203,-6.04393,1.73705
11100,10.2082,-6,1.94732
11110,10.3125,-5.91444,1.63486
11120,10.4068,-5.8273,1.3197
11130,10.4911,-5.73868,1.00213
11140,10.5654,-5.64865,0.682457
11150,10.6295,-5.55729,0.360963
11160,10.6834,-5.46471,0.0379553
11170,10.7271,-5.37096,-0.286266
11180,10.7605,-5.27616,-0.611399
11190,10.7836,-5.18037,-0.937142
11200,10.7963,-5.08371,-1.26319
11210,10.7987,-4.98624,-1.58924
11220,10.7907,-4.88807,-1.915
11230,10.7724,-4.78928,-2.24014
11240,10.7437,-4.68997,-2.56438
11250,10.7048,-4.59023,-2.88742
11260,10.6556,-4.49015,-3.20894
11270,10.5961,-4.38983,-3.52865
11280,10.5265,-4.28936,-3.84626
11290,10.4468,-4.18883,-4.16147
11300,10.3571,-4.08833,-4.47398
11310,10.2574,-3.98797,-4.78351
11320,10.1479,-3.88783,-5.08976
11330,10.0286,-3.788,-5.39245
11340,9.89967,-3.68859,-5.6913
11350,9.76123,-3.58967,-5.98603
11360,9.61341,-3.49135,-6.27637
11370,9.45633,-3.39372,-6.56205
11380,9.29015,-3.29686,-6.84279
11390,9.11502,-3.20086,-7.11834
11400,8.9311,-3.10583,-7.38845
11410,9.14676,-3.32635,-7.01941
11420,9.3422,-3.55111,-6.64177
11430,9.51698,-3.7796,-6.25632
11440,9.67075,-4.01135,-5.86392
11450,9.80317,-4.24584,-5.46541
11460,9.91394,-4.48257,-5.06166
11470,10.0028,-4.72103,-4.65353
11480,10.0696,-4.9607,-4.24192
11490,10.1142,-5.20105,-3.82771
11500,10.1365,-5.44158,-3.4118
11510,10.1364,-5.68175,-2.9951
11520,10.114,-5.92106,-2.5785
11530,10.0692,-6.15897,-2.1629
11540,10.0022,-6.39499,-1.74921
11550,9.91316,-6.62858,-1.33832
11560,9.80223,-6.85926,-0.931122
11570,9.66964,-7.08651,-0.528496
11580,9.51571,-7.30985,-0.131317
11590,9.34076,-7.5288,0.259557
11600,9.14517,-7.74288,0.64328
11610,8.92936,-7.95162,1.01902
11620,8.69379,-8.15457,1.38597
11630,8.43899,-8.3513,1.74332
11640,8.1655,-8.54138,2.09031
11650,7.87391,-8.7244,2.42618
11660,7.56486,-8.89995,2.75021
11670,7.23902,-9.06767,3.0617
11680,6.89708,-9.22718,3.35997
11690,6.53979,-9.37815,3.64437
11700,6.16793,-9.52024,3.91429
11710,6.3644,-9.45988,3.74234
11720,6.55523,-9.39798,3.56468
11730,6.74023,-9.33461,3.38147
11740,6.91925,-9.26982,3.19288
11750,7.0921,-9.20367,2.99908
11760,7.25864,-9.13623,2.80027
11770,7.4187,-9.06755,2.59662
11780,7.57213,-8.99771,2.38832
11790,7.7188,-8.92676,2.17557
11800,7.85857,-8.85477,1.95856
11810,7.9913,-8.78181,1.73749
11820,8.11688,-8.70795,1.51258
11830,8.23518,-8.63326,1.28403
11840,8.3461,-8.5578,1.05206
11850,8.44953,-8.48164,0.816871
11860,8.54537,-8.40486,0.578694
11870,8.63355,-8.32753,0.337749
11880,8.71397,-8.24972,0.0942574
11890,8.78656,-8.1715,-0.151552
11900,8.85125,-8.09295,-0.399452
11910,8.90799,-8.01413,-0.649208
11920,8.95671,-7.93513,-0.900593
11930,8.99738,-7.85601,-1.15337
11940,9.02996,-7.77685,-1.4073
11950,9.05441,-7.69772,-1.66216
11960,9.07072,-7.6187,-1.91769
11970,9.07886,-7.53985,-2.17368
11980,9.07884,-7.46126,-2.42987
11990,9.07064,-7.383,-2.68603
12000,9.05429,-7.30514,-2.94192
12010,9.08452,-7.26353,-2.95174
12020,9.11457,-7.22178,-2.9615
12030,9.14445,-7.1799,-2.97121
12040,9.17416,-7.13787,-2.98086
12050,9.20369,-7.09572,-2.99046
12060,9.23305,-7.05342,-3
12070,9.26223,-7.011,-3.00948
12080,9.29124,-6.96844,-3.01891
12090,9.32007,-6.92574,-3.02827
12100,9.34872,-6.88292,-3.03758
12110,9.37719,-6.83996,-3.04683
12120,9.40549,-6.79688,-3.05603
12130,9.4336,-6.75366,-3.06516
12140,9.46154,-6.71032,-3.07424
12150,9.4893,-6.66684,-3.08326
12160,9.51687,-6.62325,-3.09222
12170,9.54426,-6.57952,-3.10112
12180,9.57148,-6.53567,-3.10996
12190,9.59851,-6.4917,-3.11874
12200,9.62535,-6.4476,-3.12747
12210,9.65202,-6.40338,-3.13613
12220,9.6785,-6.35903,-3.14473
12230,9.7048,-6.31457,-3.15328
12240,9.73091,-6.26998,-3.16176
12250,9.75683,-6.22528,-3.17019
12260,9.78258,-6.18046,-3.17855
12270,9.80813,-6.13552,-3.18685
12280,9.8335,-6.09046,-3.1951
12290,9.85868,-6.04529,-3.20328
12300,9.88367,-6,-3.2114
12310,9.82117,-6.09035,-3.233
12320,9.75784,-6.18026,-3.25405
12330,9.69371,-6.26972,-3.27454
12340,9.62876,-6.35872,-3.29448
12350,9.56301,-6.44726,-3.31387
12360,9.49647,-6.53531,-3.33269
12370,9.42913,-6.62289,-3.35095
12380,9.36101,-6.70997,-3.36865
12390,9.29212,-6.79655,-3.38578
12400,9.22245,-6.88262,-3.40235
12410,9.15202,-6.96818,-3.41835
12420,9.08083,-7.05321,-3.43379
12430,9.00888,-7.13771,-3.44865
12440,8.9362,-7.22167,-3.46294
12450,8.86277,-7.30508,-3.47665
12460,8.78862,-7.38793,-3.48979
12470,8.71374,-7.47022,-3.50236
12480,8.63814,-7.55194,-3.51435
12490,8.56184,-7.63308,-3.52576
12500,8.48483,-7.71364,-3.53659
12510,8.40713,-7.7936,-3.54684
12520,8.32873,-7.87295,-3.55651
12530,8.24966,-7.9517,-3.5656
12540,8.16991,-8.02984,-3.57411
12550,8.0895,-8.10735,-3.58203
12560,8.00843,-8.18422,-3.58936
12570,7.92671,-8.26046,-3.59612
12580,7.84434,-8.33606,-3.60228
12590,7.76134,-8.411,-3.60786
12600,7.67771,-8.48528,-3.61286
12610,7.7585,-8.44857,-3.52525
12620,7.83802,-8.41162,-3.43659
12630,7.91626,-8.37443,-3.34691
12640,7.99321,-8.33701,-3.25621
12650,8.06886,-8.29936,-3.16451
12660,8.14319,-8.26149,-3.07183
12670,8.21619,-8.22342,-2.97819
12680,8.28785,-8.18513,-2.88359
12690,8.35816,-8.14665,-2.78806
12700,8.42709,-8.10798,-2.69162
12710,8.49464,-8.06913,-2.59428
12720,8.5608,-8.03009,-2.49605
12730,8.62556,-7.99089,-2.39697
12740,8.6889,-7.95152,-2.29703
12750,8.75081,-7.912,-2.19627
12760,8.81129,-7.87232,-2.0947
12770,8.87031,-7.83251,-1.99233
12780,8.92788,-7.79256,-1.88919
12790,8.98398,-7.75247,-1.78529
12800,9.0386,-7.71227,-1.68065
12810,9.09173,-7.67196,-1.57529
12820,9.14336,-7.63153,-1.46923
12830,9.19349,-7.59101,-1.36249
12840,9.2421,-7.55039,-1.25508
12850,9.28918,-7.50969,-1.14703
12860,9.33473,-7.46891,-1.03836
12870,9.37874,-7.42805,-0.929075
12880,9.42121,-7.38713,-0.819204
12890,9.46211,-7.34616,-0.708767
12900,9.50145,-7.30514,-0.59778
12910,9.53792,-7.26372,-0.516142
12920,9.57352,-7.22213,-0.434212
12930,9.60825,-7.18037,-0.352
12940,9.64211,-7.13842,-0.269512
12950,9.67509,-7.09632,-0.186756
12960,9.7072,-7.05404,-0.103739
12970,9.73843,-7.01161,-0.0204692
12980,9.76877,-6.96901,0.0630455
12990,9.79823,-6.92627,0.146799
13000,9.8268,-6.88338,0.230784
13010,9.85447,-6.84033,0.314992
13020,9.88126,-6.79715,0.399416
13030,9.90714,-6.75383,0.484049
13040,9.93213,-6.71037,0.568882
13050,9.95622,-6.66679,0.65391
13060,9.97941,-6.62307,0.739123
13070,10.0017,-6.57924,0.824513
13080,10.0231,-6.53528,0.910074
13090,10.0435,-6.49121,0.995799
13100,10.0631,-6.44703,1.08168
13110,10.0817,-6.40275,1.16771
13120,10.0995,-6.35836,1.25387
13130,10.1163,-6.31387,1.34017
13140,10.1322,-6.26928,1.4266
13150,10.1472,-6.22461,1.51314
13160,10.1612,-6.17984,1.59979
13170,10.1744,-6.135,1.68654
13180,10.1866,-6.09007,1.77338
13190,10.1979,-6.04507,1.86031
13200,10.2082,-6,1.94732
13210,10.2154,-6.0834,1.62411
13220,10.2111,-6.16772,1.30109
13230,10.1953,-6.25286,0.978637
13240,10.168,-6.33872,0.657143
13250,10.1293,-6.42519,0.336991
13260,10.0792,-6.51218,0.0185628
13270,10.0178,-6.59958,-0.297763
13280,9.94515,-6.68729,-0.61161
13290,9.86131,-6.7752,-0.922601
13300,9.7664,-6.8632,-1.23037
13310,9.66054,-6.9512,-1.53454
13320,9.54385,-7.03908,-1.83476
13330,9.41646,-7.12674,-2.13067
13340,9.27854,-7.21409,-2.42191
13350,9.13024,-7.301,-2.70814
13360,8.97175,-7.38739,-2.98902
13370,8.80325,-7.47314,-3.2642
13380,8.62494,-7.55815,-3.53337
13390,8.43704,-7.64233,-3.7962
13400,8.23977,-7.72557,-4.05238
13410,8.03336,-7.80777,-4.3016
13420,7.81806,-7.88885,-4.54357
13430,7.59413,-7.96868,-4.778
13440,7.36184,-8.04719,-5.0046
13450,7.12146,-8.12428,-5.22311
13460,6.87327,-8.19986,-5.43326
13470,6.61758,-8.27384,-5.63482
13480,6.35469,-8.34613,-5.82753
13490,6.08492,-8.41663,-6.01116
13500,5.80857,-8.48528,-6.1855
13510,6.07519,-8.45182,-5.97151
13520,6.33341,-8.41743,-5.74759
13530,6.58286,-8.38218,-5.51408
13540,6.82319,-8.3461,-5.27131
13550,7.05405,-8.30926,-5.01962
13560,7.2751,-8.27171,-4.75939
13570,7.48604,-8.23349,-4.49098
13580,7.68655,-8.19467,-4.21478
13590,7.87635,-8.15529,-3.9312
13600,8.05517,-8.11543,-3.64062
13610,8.22274,-8.07512,-3.34348
13620,8.37884,-8.03444,-3.0402
13630,8.52322,-7.99344,-2.73122
13640,8.65569,-7.95218,-2.41698
13650,8.77606,-7.91072,-2.09794
13660,8.88414,-7.86912,-1.77454
13670,8.9798,-7.82743,-1.44727
13680,9.06288,-7.78572,-1.11658
13690,9.13327,-7.74405,-0.782951
13700,9.19087,-7.70248,-0.446868
13710,9.23559,-7.66107,-0.108812
13720,9.26738,-7.61987,0.230732
13730,9.28618,-7.57895,0.571275
13740,9.29197,-7.53837,0.912328
13750,9.28473,-7.49818,1.2534
13760,9.26449,-7.45844,1.594
13770,9.23127,-7.41921,1.93364
13780,9.18511,-7.38055,2.27183
13790,9.12609,-7.34251,2.60808
13800,9.05429,-7.30514,2.94192
13810,9.08451,-7.26353,2.95174
13820,9.11457,-7.22178,2.9615
13830,9.14445,-7.1799,2.97121
13840,9.17416,-7.13787,2.98087
13850,9.20369,-7.09572,2.99046
13860,9.23305,-7.05342,3
13870,9.26223,-7.011,3.00948
13880,9.29124,-6.96844,3.01891
13890,9.32007,-6.92574,3.02827
13900,9.34872,-6.88292,3.03758
13910,9.37719,-6.83996,3.04683
13920,9.40549,-6.79688,3.05603
13930,9.4336,-6.75366,3.06516
13940,9.46154,-6.71032,3.07424
13950,9.4893,-6.66684,3.08326
13960,9.51687,-6.62324,3.09222
13970,9.54426,-6.57952,3.10112
13980,9.57148,-6.53567,3.10996
13990,9.59851,-6.49169,3.11874
14000,9.62535,-6.4476,3.12747
14010,9.65202,-6.40338,3.13613
14020,9.6785,-6.35903,3.14474
14030,9.7048,-6.31457,3.15328
14040,9.73091,-6.26998,3.16177
14050,9.75683,-6.22528,3.17019
14060,9.78257,-6.18046,3.17855
14070,9.80813,-6.13552,3.18685
14080,9.83349,-6.09046,3.1951
14090,9.85868,-6.04529,3.20328
14100,9.88367,-6,3.2114
14110,9.82117,-6.09035,3.233
14120,9.75784,-6.18026,3.25405
14130,9.69371,-6.26972,3.27455
14140,9.62876,-6.35872,3.29448
14150,9.56301,-6.44725,3.31387
14160,9.49647,-6.53531,3.33269
14170,9.42913,-6.62288,3.35095
14180,9.36101,-6.70997,3.36865
14190,9.29212,-6.79655,3.38579
14200,9.22245,-6.88262,3.40235
14210,9.15202,-6.96818,3.41835
14220,9.08082,-7.05321,3.43379
14230,9.00888,-7.13771,3.44865
14240,8.9362,-7.22167,3.46294
14250,8.86277,-7.30508,3.47665
14260,8.78862,-7.38793,3.4898
14270,8.71374,-7.47022,3.50236
14280,8.63814,-7.55194,3.51435
14290,8.56184,-7.63308,3.52576
14300,8.48483,-7.71364,3.53659
14310,8.40713,-7.7936,3.54684
14320,8.32873,-7.87295,3.55651
14330,8.24966,-7.9517,3.5656
14340,8.16991,-8.02984,3.57411
14350,8.0895,-8.10735,3.58203
14360,8.00843,-8.18422,3.58937
14370,7.92671,-8.26046,3.59612
14380,7.84434,-8.33606,3.60228
14390,7.76134,-8.411,3.60786
14400,7.67771,-8.48528,3.61286
14410,7.69278,-8.48528,3.58067
14420,7.70771,-8.48528,3.54841
14430,7.72251,-8.48528,3.51609
14440,7.73717,-8.48528,3.48372
14450,7.75169,-8.48528,3.45127
14460,7.76608,-8.48528,3.41878
14470,7.78033,-8.48528,3.38621
14480,7.79445,-8.48528,3.35359
14490,7.80843,-8.48528,3.32092
14500,7.82227,-8.48528,3.28818
14510,7.83597,-8.48528,3.25538
14520,7.84954,-8.48528,3.22253
14530,7.86297,-8.48528,3.18962
14540,7.87626,-8.48528,3.15666
14550,7.88941,-8.48528,3.12364
14560,7.90243,-8.48528,3.09057
14570,7.91531,-8.48528,3.05744
14580,7.92804,-8.48528,3.02425
14590,7.94064,-8.48528,2.99102
14600,7.9531,-8.48528,2.95773
14610,7.96542,-8.48528,2.92439
14620,7.9776,-8.48528,2.891
14630,7.98964,-8.48528,2.85756
14640,8.00154,-8.48528,2.82407
14650,8.0133,-8.48528,2.79053
14660,8.02492,-8.48528,2.75694
14670,8.0364,-8.48528,2.7233
14680,8.04773,-8.48528,2.68961
14690,8.05893,-8.48528,2.65588
14700,8.06998,-8.48528,2.6221
14710,8.06998,-8.48528,2.6221
14720,8.06998,-8.48528,2.6221
14730,8.06998,-8.48528,2.6221
14740,8.06998,-8.48528,2.6221
14750,8.06998,-8.48528,2.6221
14760,8.06998,-8.48528,2.6221
14770,8.06998,-8.48528,2.6221
14780,8.06998,-8.48528,2.6221
14790,8.06998,-8.48528,2.6221
14800,8.06998,-8.48528,2.6221
14810,8.06998,-8.48528,2.6221
14820,8.06998,-8.48528,2.6221
14830,8.06998,-8.48528,2.6221
14840,8.06998,-8.48528,2.6221
14850,8.06998,-8.48528,2.6221
14860,8.06998,-8.48528,2.6221
14870,8.06998,-8.48528,2.6221
14880,8.06998,-8.48528,2.6221
14890,8.06998,-8.48528,2.6221
14900,8.06998,-8.48528,2.6221
14910,8.06998,-8.48528,2.6221
14920,8.06998,-8.48528,2.6221
14930,8.06998,-8.48528,2.6221
14940,8.06998,-8.48528,2.6221
14950,8.06998,-8.48528,2.6221
14960,8.06998,-8.48528,2.6221
14970,8.06998,-8.48528,2.6221
14980,8.06998,-8.48528,2.6221
14990,8.06998,-8.48528,2.6221
